Cycle,Capacity,Rct,Re,SOH,tau_real,CCA1,CCA2,CCA3,CCA4,tau_p1,tau_p2,tau_p3,tau_p4
1,1.8564874208181574,0.06945627304536996,0.04466870036616091,1.0,0.12894469720564058,26.7288660824843,1.8564874208181574,14.397547639027275,7.044274530060934,1.8564874208181574,0.12894469720564058,1.0,0.4892690551664574
2,1.846327249719927,0.07627474098530587,0.04668700162486933,0.9945272071416714,0.14082813274649958,24.206273608659217,1.846327249719927,13.110500108976408,6.685260097994978,1.846327249719927,0.14082813274649958,1.0,0.5099164823939675
3,1.8353491942234077,0.0679720560130687,0.044843430573346096,0.9886138595081705,0.12475245823329398,27.001525360223514,1.8353491942234077,14.711928087150023,7.039689468484326,1.8353491942234077,0.12475245823329398,1.0,0.47850216686642644
4,1.8352625275821128,0.07453388918437964,0.04619468955099375,0.9885671763794173,0.1367892538550497,24.62319553783242,1.8352625275821128,13.41671568387141,6.722352867851473,1.8352625275821128,0.1367892538550497,1.0,0.5010431037107383
5,1.8346455082120419,0.06852832896000328,0.04510114851143001,0.9882348178817771,0.12572519091174722,26.772074207191555,1.8346455082120419,14.592505248211324,7.008371115298008,1.834645508212042,0.12572519091174722,1.0,0.480271961262927
6,1.8356616600675495,0.07342664108773311,0.04599074473076839,0.9887821697485943,0.1347864698722923,24.999940523960873,1.8356616600675495,13.619035069371614,6.77432153974138,1.8356616600675495,0.1347864698722923,1.0,0.49741567631148986
7,1.8351461429226603,0.06804449516996176,0.044172075577171746,0.9885044855913476,0.12487159285827491,26.969795842247432,1.8351461429226603,14.69626598745713,7.035162884774735,1.8351461429226603,0.12487159285827491,1.0,0.47870410693294874
8,1.8257567905665537,0.07464778408413367,0.0452171085992494,0.9834468955151549,0.13628869869235297,24.458285171717737,1.8257567905665537,13.39624494242086,6.682430713286664,1.8257567905665537,0.13628869869235297,1.0,0.4988286450426062
9,1.8247738529891333,0.06845021227072765,0.043786628196075913,0.9829174345738104,0.12490615758317973,26.65841043373196,1.8247738529891333,14.609158493839244,6.974637648059344,1.8247738529891333,0.12490615758317973,1.0,0.47741542752107075
10,1.824613268496936,0.07395687603254197,0.04490994541365791,0.982830935473199,0.13494269730555913,24.67131342451624,1.824613268496936,13.521393190810103,6.70936702123374,1.824613268496936,0.13494269730555913,1.0,0.49620382504620913
11,1.8246195526864504,0.0683410113732366,0.04463932198878524,0.9828343204622076,0.12469634560197458,26.69874963836136,1.8246195526864504,14.632502210694755,6.979617512617323,1.8246195526864504,0.12469634560197458,0.9999999999999999,0.47699411981062184
12,1.8142019357673917,0.07208112164479205,0.04717044086931744,0.9772228539894279,0.13076971042026658,25.16889158173179,1.8142019357673917,13.873258034577924,6.757325789740896,1.8142019357673917,0.13076971042026658,1.0,0.487075622243804
13,1.8137521577549054,0.06868237655872211,0.043558785775475374,0.9769805803238794,0.12457280868311717,26.40782466524265,1.8137521577549054,14.559775740215093,6.9207838405918345,1.8137521577549054,0.12457280868311717,1.0,0.4753358818210474
14,1.8134404914735822,0.07102909339339247,0.04648969708635643,0.9768127007692816,0.12880703403223662,25.53095365345433,1.8134404914735822,14.078738052610786,6.804326942549827,1.8134404914735822,0.12880703403223662,1.0,0.4833051738815483
15,1.8025980036306504,0.0681437253042456,0.04526547818261783,0.9709723768751647,0.12283574319338855,26.452883161031732,1.8025980036306504,14.674865448509554,6.905354037002785,1.8025980036306504,0.12283574319338855,1.0,0.4705565486260812
16,1.80210690024615,0.07193029860543036,0.0463622366817154,0.9707078432300706,0.1296260874536121,25.0535161842092,1.80210690024615,13.902347402802318,6.719309070953054,1.80210690024615,0.1296260874536121,1.0,0.48332190789583007
17,1.802579500826209,0.06782555719716843,0.044483715777434665,0.9709624103091467,0.12226095903573136,26.576700219153714,1.802579500826209,14.7437049001014,6.921460468329637,1.8025795008262089,0.12226095903573136,1.0,0.469451912882632
18,1.8030683142834096,0.07288826952758304,0.04482791300205649,0.9712257104811376,0.13142252926813397,24.737427928661088,1.8030683142834096,13.719628775403578,6.678568145571197,1.8030683142834096,0.13142252926813397,1.0,0.48678927505272385
19,1.8027776247196041,0.06885805241213436,0.04441416485910045,0.9710691300699019,0.12413575617036558,26.18107195262342,1.8027776247196041,14.522629742919904,6.870127415657113,1.8027776247196041,0.12413575617036558,1.0,0.47306359366535866
20,1.8470259949329193,0.0727868237536811,0.04466450679894579,0.9949035873989017,0.1344391555616499,25.375829026191134,1.8470259949329193,13.738750345586089,6.846153361877628,1.8470259949329193,0.1344391555616499,1.0,0.49830975814165823
21,1.847417311283644,0.06779434699116274,0.04453544590029642,0.995114370594272,0.12524445023864428,27.250315008188842,1.847417311283644,14.750492399172366,7.095259240088453,1.847417311283644,0.12524445023864428,1.0,0.4810184669148102
22,1.8361774213478947,0.06940408185539676,0.04502135245555801,0.9890599854098058,0.12743820805226064,26.456331850532454,1.8361774213478947,14.408374453875748,6.969829208498215,1.836177421347895,0.12743820805226064,1.0,0.4837345969047453
23,1.8257807475776242,0.07041083307756363,0.04610646564263781,0.9834597999985366,0.12855474345391743,25.93039547716143,1.8257807475776242,14.202360010403703,6.88064072883298,1.8257807475776242,0.12855474345391743,1.0,0.4844716458245447
24,1.8251136435078368,0.06993774302336724,0.04646251600050638,0.9831004632950897,0.12764432898809255,26.09626168373834,1.8251136435078368,14.29843110129941,6.901350827449771,1.8251136435078368,0.12764432898809255,0.9999999999999999,0.4826649006842849
25,1.8255815042203762,0.06870142026856427,0.04766732499763113,0.9833524772367372,0.1254200421559618,26.57268943034804,1.8255815042203762,14.55573983901422,6.964955875053026,1.8255815042203762,0.1254200421559618,1.0,0.47850236072402375
26,1.8140311275083907,0.06950417544214327,0.04772385451119983,0.9771308478400268,0.12608273774385215,26.09959928261329,1.8140311275083907,14.387624824531887,6.880805586132788,1.8140311275083907,0.12608273774385215,1.0,0.47824471864185275
27,1.8147691941158939,0.06782851501053842,0.04786769518725868,0.9775284086310274,0.12309309952375262,26.755254686527277,1.8147691941158939,14.74306196803264,6.968113947535201,1.8147691941158939,0.12309309952375262,1.0,0.47263682148553354
28,1.813969388710352,0.069661211991841,0.04694022963323793,0.9770975921350076,0.12636330613366206,26.039876953659828,1.813969388710352,14.355190950698992,6.872811628418394,1.813969388710352,0.12636330613366206,1.0,0.4787683878272437
29,1.802765665167823,0.0690386303340568,0.045613419083722975,0.9710626880376818,0.12446047233645134,26.11241932878436,1.802765665167823,14.484644251505369,6.861091239766241,1.802765665167823,0.12446047233645134,1.0,0.473680341790457
30,1.804077040117352,0.07112946749607083,0.04702798243208013,0.9717690623092355,0.12832303918543486,25.3632861825798,1.804077040117352,14.05887088997594,6.764415884902251,1.804077040117352,0.12832303918543486,1.0,0.4811492998150598
31,1.8518025516704486,0.06971129972921941,0.04672887233883059,0.9974764875349146,0.12909156271883196,26.563879297379785,1.8518025516704486,14.344876711298085,7.01363382742168,1.8518025516704486,0.12909156271883196,1.0,0.48892952993438504
32,1.8307038456739428,0.07167079612312527,0.047755380262671634,0.9861116348782737,0.13120800208511854,25.54323301402883,1.8307038456739428,13.952684413914866,6.838281575785556,1.8307038456739428,0.13120800208511854,1.0,0.4901050846506504
33,1.8199041089501267,0.06913343554751465,0.04691622519628201,0.9802943389447215,0.12581622341876067,26.324514246067324,1.8199041089501267,14.464780928075113,6.921567137761078,1.8199041089501267,0.12581622341876067,1.0,0.4785117156062009
34,1.8093079637028517,0.06976696183555635,0.047022939446838434,0.9745867078945714,0.12622991965242503,25.933592578783443,1.8093079637028517,14.33343195246257,6.84995296189821,1.8093079637028517,0.12622991965242503,1.0,0.4779004068681086
35,1.80460990458052,0.06852215228822905,0.046604793185003,0.9720560906279802,0.12365575470251289,26.33615326310352,1.80460990458052,14.593820634728997,6.893945389045897,1.80460990458052,0.12365575470251289,1.0,0.47238797581493747
36,1.7993770651972192,0.0719248993978976,0.046245370477528074,0.9692374130950105,0.12942001439319423,25.017442919771614,1.7993770651972192,13.903391014395085,6.709382461875132,1.799377065197219,0.12942001439319423,1.0,0.4825716585923874
37,1.7884432335370462,0.06946896899621643,0.04683293993011124,0.9633478867036308,0.12424130754207813,25.744490804728255,1.7884432335370462,14.394916384241489,6.785466850598635,1.7884432335370462,0.12424130754207813,1.0,0.4713793862690909
38,1.7829230484252723,0.07193787056034481,0.04618610336751238,0.9603744299218223,0.12825968747667263,24.784206629103288,1.7829230484252723,13.900884085262904,6.647430573985913,1.7829230484252723,0.12825968747667263,1.0,0.47820200019027725
39,1.7730337158018288,0.06934916902797013,0.04624136663986422,0.9550475246530081,0.12295841484943097,25.566762235993384,1.7730337158018288,14.419783452584367,6.732810070713804,1.7730337158018288,0.12295841484943097,1.0,0.4669147836271511
40,1.773037755078937,0.0703395836124857,0.04773737014313117,0.9550497004162602,0.12471473742146882,25.20682756450398,1.773037755078937,14.216746085805575,6.685256685994189,1.773037755078937,0.12471473742146882,1.0,0.4702381716354173
41,1.7678721106662054,0.0695498357572787,0.049427483436388156,0.9522672175646096,0.12295521493670822,25.4187819628487,1.7678721106662054,14.37817917341876,6.703518159834089,1.7678721106662054,0.12295521493670822,1.0,0.46622858701239606
42,1.7623150704093087,0.06973812701544792,0.04838334154876506,0.9492739086983165,0.1229005522214424,25.270467473537575,1.7623150704093087,14.339358437006586,6.673419338308024,1.7623150704093087,0.1229005522214424,1.0,0.4653917654422714
43,1.7676172924938447,0.06488297170955903,0.04747841688797767,0.9521299593373235,0.11468826278220547,27.243161740593123,1.7676172924938447,15.412364348482402,6.939415234360825,1.7676172924938447,0.11468826278220547,1.0,0.45024988233191643
44,1.762668359743147,0.07012511424776673,0.048037510039299486,0.9494642085785509,0.12360732010791176,25.1360497398303,1.762668359743147,14.260226321582742,6.656314262813079,1.762668359743147,0.12360732010791176,1.0,0.4667747981488063
45,1.7517304870664143,0.06859813037774799,0.047703621105183044,0.9435725054869607,0.12016543633845789,25.536125801391293,1.7517304870664143,14.57765677421993,6.688229219147651,1.7517304870664143,0.12016543633845789,1.0,0.4588000199713542
46,1.7418496047960008,0.0697134641311117,0.048086960073381944,0.9382501520146926,0.12143036994573708,24.98584206804104,1.7418496047960008,14.34443134427056,6.597088686057858,1.7418496047960008,0.12143036994573708,1.0,0.4599059054852572
47,1.7360913511847138,0.06772207819825936,0.04815104655957722,0.935148459244402,0.11757171424425293,25.6355297618338,1.7360913511847138,14.766233207912729,6.67125336818787,1.7360913511847138,0.11757171424425293,0.9999999999999999,0.45179114228082
48,1.7936240148573608,0.07318009891168203,0.04754728174038817,0.9661385230754256,0.13125758281762992,24.509723839291468,1.7936240148573608,13.664917305001975,6.63032648333965,1.7936240148573608,0.13125758281762992,1.0,0.4852079478675405
49,1.7831890223273275,0.06914272874669278,0.04759013382319219,0.9605176972012408,0.1232945548748587,25.78997176782122,1.7831890223273275,14.462836774399532,6.781474363478085,1.7831890223273275,0.1232945548748587,1.0,0.4688896424166163
50,1.7673642076278957,0.07165247326552959,0.04764092098948851,0.9519936347583842,0.1266360166375117,24.665780915592418,1.7673642076278957,13.956252372394767,6.602531207302944,1.7673642076278957,0.1266360166375117,1.0,0.47308769081609897
51,1.7570177850353066,0.06898277923910441,0.04764024061757782,0.9464205172265512,0.12120396998427077,25.470382672539557,1.7570177850353066,14.496371573169785,6.689687238377226,1.7570177850353066,0.12120396998427077,1.0,0.4614732179436302
52,1.7468706179837907,0.07249983749010006,0.04842436953177311,0.9409547290193551,0.1266478359200555,24.0948211535278,1.7468706179837907,13.79313436580532,6.487721874330929,1.7468706179837907,0.1266478359200555,1.0,0.4703587815699597
53,1.7417172507457144,0.06795990180113623,0.04893386185534073,0.9381788592880077,0.11836693332602372,25.628601639865735,1.7417172507457144,14.714559225323672,6.681150917966459,1.7417172507457144,0.11836693332602372,1.0,0.4540503603035717
54,1.7364225056478186,0.0701407541984291,0.04943074564871873,0.9353268361401414,0.12179398415326402,24.75625655144022,1.7364225056478186,14.257046583374153,6.556471690742823,1.7364225056478186,0.12179398415326402,1.0,0.45987586926935126
55,1.7263217239235826,0.06895642914528509,0.049323007176718225,0.92988603346571,0.11904098163770294,25.03496403919605,1.7263217239235826,14.501911024033577,6.574070449767771,1.7263217239235826,0.11904098163770294,1.0,0.4533244231655238
56,1.7158065389330133,0.07112993844977841,0.04974822543014387,0.9242220117908766,0.12204521350603256,24.122142888461312,1.7158065389330133,14.058777805720359,6.433422922604919,1.7158065389330133,0.12204521350603256,0.9999999999999999,0.4576089765062814
57,1.710533351135192,0.06890956847456893,0.04912202877042455,0.9213816005181208,0.11787211508808436,24.822871322528513,1.710533351135192,14.511772778972631,6.516160623259861,1.7105333511351921,0.11787211508808436,1.0,0.4490258166598151
58,1.706014499648521,0.07198302765125617,0.04988486594475391,0.9189475137389712,0.12280408890164343,23.700232614746785,1.706014499648521,13.892163647864416,6.3586901548825905,1.706014499648521,0.12280408890164343,1.0,0.4577177692446839
59,1.7003110272642588,0.06977255608528674,0.047859449246718755,0.9158753289666399,0.11863504651222699,24.36933835684445,1.7003110272642588,14.332282721270042,6.4370377298316726,1.7003110272642588,0.11863504651222699,1.0,0.44912857602778716
60,1.6945798601797895,0.07146374397937286,0.04921638093217895,0.9127882263985312,0.12110102128048993,23.712441663690463,1.6945798601797895,13.993109572997433,6.338976737532486,1.6945798601797895,0.12110102128048993,1.0,0.4530070106622218
61,1.6849029086609286,0.06876809153866811,0.04887229013423192,0.9075757205607075,0.1158675574565629,24.50123118093967,1.6849029086609286,14.541627921107898,6.425122230941532,1.6849029086609286,0.1158675574565629,1.0,0.44184339372451875
62,1.6744741591159717,0.07088704261645878,0.04994593893656341,0.9019582574806932,0.11869852107741288,23.62172404590041,1.6744741591159717,14.10695048191807,6.289194424457604,1.6744741591159717,0.11869852107741288,1.0,0.44582239318972117
63,1.6745692479879102,0.0673151471016695,0.048296439195350184,0.902009477257823,0.11272387526023825,24.876559289972626,1.6745692479879102,14.855497507710249,6.45426379866334,1.6745692479879102,0.11272387526023825,1.0,0.4344697170400029
64,1.663716375981405,0.07178168505217358,0.048969605147940264,0.896163559916933,0.11942436491684083,23.17744943953537,1.663716375981405,13.931130193908976,6.209726417970122,1.663716375981405,0.11942436491684083,1.0,0.44574462599489334
65,1.659013868748246,0.0684158918231915,0.04814709226602492,0.893630546668135,0.11350291337745441,24.248954804764768,1.659013868748246,14.61648709607293,6.342661296628897,1.659013868748246,0.11350291337745441,1.0,0.4339388291413061
66,1.6538540573335014,0.0718319241428618,0.05022937602514056,0.8908512057704355,0.11879951918974428,23.023942029511275,1.6538540573335014,13.921386791911152,6.17075683699484,1.6538540573335014,0.11879951918974428,1.0,0.4432573370190591
67,1.642653782130131,0.06777935051052719,0.04845430020206581,0.8848181591266643,0.11133800646644132,24.235313111697657,1.642653782130131,14.753756010758533,6.309534748619594,1.642653782130131,0.11133800646644132,1.0,0.4276561672850385
68,1.6378578430223698,0.07139027154395669,0.04971526662508074,0.8822348186450748,0.11692711616376616,22.942311432642494,1.6378578430223698,14.007510804665818,6.129946550910153,1.6378578430223698,0.11692711616376616,1.0,0.4376185488194166
69,1.6327350407099108,0.06583444846364324,0.04868025293328389,0.8794754127611387,0.10749021089240107,24.800618503116663,1.6327350407099108,15.189616125549305,6.363398373614303,1.6327350407099108,0.10749021089240107,1.0,0.41893082228134204
70,1.6277528915533617,0.0724518691988788,0.04913216601843565,0.8767917699307696,0.11793373958692091,22.466679045715377,1.6277528915533617,13.802266401920173,6.047330136536662,1.627752891553362,0.11793373958692091,1.0,0.4381403720547921
71,1.622125485521159,0.06876463309502395,0.049918728983506716,0.8737605584239754,0.1115448638459501,23.589531602380376,1.622125485521159,14.542359276724818,6.185885579585836,1.622125485521159,0.1115448638459501,1.0,0.4253701522480196
72,1.6113256603765849,0.07304025099509703,0.04920968322529824,0.8679432148624366,0.11769163066874624,22.060790296089593,1.6113256603765849,13.69108110084571,5.962140344899298,1.6113256603765849,0.11769163066874624,1.0,0.43547622725943913
73,1.6065631397488385,0.06892300885560772,0.04943664953959982,0.865377875300024,0.11072916550800213,23.30953286027537,1.6065631397488385,14.508942900258162,6.119496408862639,1.6065631397488385,0.11072916550800213,1.0,0.4217741051798993
74,1.6015142233917594,0.07251082944035009,0.04950631616559385,0.8626582682073705,0.11612712469865459,22.08655225367709,1.6015142233917594,13.791043458172473,5.947430334182081,1.6015142233917594,0.11612712469865459,1.0,0.4312531065702412
75,1.590369231400328,0.06864846238725138,0.04940333988784369,0.8566549999565574,0.1091764023636273,23.166858748109025,1.590369231400328,14.566968657781748,6.069914277911189,1.590369231400328,0.1091764023636273,1.0,0.41669028200102637
76,1.5857889968242211,0.07201762091170956,0.04865176277959679,0.854187849075412,0.11420475081924696,22.01945824853516,1.5857889968242211,13.885490624939639,5.909163613114583,1.5857889968242211,0.11420475081924696,1.0,0.425563904994554
77,1.5849430707374117,0.06913086863703587,0.04915501980244644,0.853732189598637,0.10956849122032826,22.92670556562776,1.5849430707374117,14.465318022407494,6.028061307010618,1.5849430707374117,0.10956849122032826,0.9999999999999999,0.4167251143509498
78,1.5955263892495937,0.07316993618002728,0.04916575568371288,0.8594329115068511,0.11674456407494213,21.80576439651336,1.5955263892495937,13.6668152551015,5.898446620288794,1.5955263892495937,0.11674456407494213,1.0,0.43158896276782865
79,1.5747301747801037,0.06859455507457586,0.04870161283727027,0.8482309964083232,0.1080179157015503,22.957072512068343,1.5747301747801037,14.57841659462332,6.012586366063186,1.5747301747801037,0.1080179157015503,1.0,0.41243068662756516
80,1.5649019950937946,0.07277120733743579,0.04923427342088277,0.8429370312695894,0.11387980754773745,21.504411598359724,1.5649019950937946,13.741698627632479,5.8010599560417635,1.5649019950937946,0.11387980754773745,1.0,0.42215013683801134
81,1.5597659473370362,0.06871570767989431,0.04885677345766941,0.8401704907053151,0.1071804208862652,22.69882680395376,1.5597659473370362,14.552713400819597,5.950198071771077,1.5597659473370362,0.1071804208862652,1.0,0.40887207133729214
82,1.5594815668184234,0.07270866794574943,0.0505475864921389,0.8400173086716403,0.1133878274093178,21.448358371549443,1.5594815668184234,13.753518366560314,5.7834522146333125,1.5594815668184234,0.1133878274093178,1.0,0.4205071066538827
83,1.55468935359061,0.06853536104799454,0.0506497585783765,0.8374359751414073,0.1065511961658057,22.684484765490307,1.55468935359061,14.591007980533016,5.938630057226679,1.55468935359061,0.1065511961658057,1.0,0.40700615510250293
84,1.5488741079890418,0.07301041089661342,0.050118814742107526,0.8343035835418966,0.11308393505140553,21.214428037972954,1.5488741079890418,13.696676785123872,5.7322315291527675,1.5488741079890418,0.11308393505140553,1.0,0.4185125792979662
85,1.538236598942558,0.0693303248319639,0.04913242687695094,0.8285736718133292,0.10664644307310292,22.187067530273172,1.538236598942558,14.423702794177046,5.841999597592956,1.538236598942558,0.10664644307310292,1.0,0.405027729769322
86,1.527914258251028,0.07343650361620202,0.049792567319026114,0.8230135260370756,0.11220468095129824,20.805923253594685,1.527914258251028,13.617206031842912,5.638232594993217,1.5279142582510277,0.11220468095129824,1.0,0.4140520883512075
87,1.5285252629756445,0.06881429671018138,0.049633135916243465,0.8233426447360579,0.10518439097541403,22.212321218847716,1.5285252629756445,14.53186398477056,5.826842552561267,1.5285252629756445,0.10518439097541403,1.0,0.40097007229546167
88,1.522647325284378,0.0732133898164959,0.049865378066600005,0.8201764839394088,0.11147817217909001,20.797388689429408,1.522647325284378,13.658703722180165,5.627351798213726,1.522647325284378,0.11147817217909001,1.0,0.41199750083718073
89,1.5174859938489869,0.06883931362761586,0.048921290356402275,0.8173963242800902,0.10446269425608476,22.043886173208822,1.5174859938489869,14.526582955336671,5.783708889445053,1.5174859938489869,0.10446269425608476,1.0,0.3981465501713378
90,1.605818899130659,0.07459618605206403,0.049811932785538866,0.8649769888680268,0.11978796536547127,21.52682307390201,1.605818899130659,13.405511098141869,5.879471007693957,1.605818899130659,0.11978796536547127,1.0,0.4385861131776548
91,1.5638491446744425,0.06863892419996058,0.04975125749803476,0.8423699116610504,0.10734092290148224,22.78370710063286,1.5638491446744425,14.568992909719501,5.9691105586877615,1.5638491446744425,0.10734092290148224,1.0,0.4097133271789536
92,1.5480915247767786,0.07458309776342148,0.04850673488997184,0.8338820438085877,0.1154614615391507,20.756599969705526,1.5480915247767786,13.407863577509378,5.668607985765382,1.5480915247767786,0.1154614615391507,1.0,0.4227823435848512
93,1.5323755631868592,0.06906734479973246,0.04915918196298162,0.8254166152720488,0.10583711138531103,22.186687031767796,1.5323755631868592,14.478622319992148,5.83080929507695,1.5323755631868592,0.10583711138531103,1.0,0.4027185160445647
94,1.5269528268489705,0.0736638387977965,0.050023074203339506,0.8224956494324317,0.11248120688884224,20.72866214643495,1.5269528268489705,13.575181748876124,5.625983403930028,1.5269528268489705,0.11248120688884224,1.0,0.41443153454618004
95,1.5169573017136326,0.06830006146095657,0.04970808709656559,0.8171115433925789,0.10360827694068796,22.210189409284713,1.5169573017136326,14.64127525817302,5.80447318857252,1.5169573017136326,0.10360827694068796,1.0,0.3964458755279777
96,1.5118975960142693,0.07371885821597624,0.05020469043786587,0.8143861246029738,0.11145536451765124,20.508966533160617,1.5118975960142693,13.565050031977863,5.56843399873094,1.511897596014269,0.11145536451765124,1.0,0.4104985964374678
97,1.5065638960681105,0.06963267386152323,0.048950660803835325,0.811513118362076,0.10490607242645653,21.635875983509933,1.5065638960681105,14.361074256442818,5.709275752366774,1.5065638960681105,0.10490607242645653,1.0,0.39755213645005827
98,1.5015453526671363,0.07465617760875586,0.04975857340773159,0.8088098717121404,0.11209963653631967,20.11280781794314,1.5015453526671363,13.394738815059794,5.495479333790618,1.5015453526671363,0.11209963653631967,0.9999999999999999,0.41027148118871964
99,1.4908444050400238,0.06902298762939403,0.049808396255372756,0.8030457886878684,0.10290253492642887,21.599244776897123,1.4908444050400238,14.48792691167343,5.67460247318938,1.4908444050400238,0.10290253492642887,1.0,0.3916780163086794
100,1.485868384561201,0.07355425821939737,0.04968675503783295,0.8003654470798278,0.10929194683805342,20.200983879535,1.485868384561201,13.595405952123174,5.478686273517725,1.485868384561201,0.10929194683805342,1.0,0.40298070486539067
101,1.480413677976106,0.06858328460478416,0.05059411389974348,0.7974272604140161,0.10153163260945056,21.585633970538016,1.480413677976106,14.58081230379338,5.6529344395428955,1.480413677976106,0.10153163260945056,1.0,0.3876968115193565
102,1.4752095869031632,0.0746229428074614,0.04995005707049774,0.7946240682056631,0.1100844806324935,19.76884764126,1.4752095869031632,13.400704426521383,5.4002956921278615,1.4752095869031632,0.1100844806324935,1.0,0.4029859565770376
103,1.4859035988304024,0.07014070107890119,0.04984421041201089,0.8003844153038009,0.10422232015762677,21.18461287062003,1.4859035988304024,14.257057380636974,5.610551889456434,1.4859035988304024,0.10422232015762677,1.0,0.393528042966028
104,1.4960918298136696,0.07360391142336822,0.050282564251258356,0.8058723226653155,0.11011821052283023,20.32625441884711,1.4960918298136696,13.586234490284355,5.514521118533427,1.4960918298136696,0.11011821052283023,1.0,0.4058903239508278
105,1.4808005946928984,0.06979118038789997,0.05006270229203594,0.7976356737393387,0.10334682142272163,21.21758919196661,1.4808005946928984,14.328458043580744,5.605267049250532,1.4808005946928984,0.10334682142272163,1.0,0.3911982037565957
106,1.4697543268466824,0.074642062777058,0.04992007781904663,0.79168558341158,0.10970549473134268,19.690698142099397,1.4697543268466824,13.397271763332888,5.37963649264358,1.4697543268466824,0.10970549473134268,0.9999999999999999,0.4015471648016542
107,1.4539012274845928,0.06990836301107425,0.04921445916482306,0.7831462853887025,0.10163985479323936,20.7972432032814,1.4539012274845928,14.304440226151327,5.498830550357633,1.4539012274845928,0.10163985479323936,1.0,0.38441424225078663
108,1.4541462067235693,0.07547710929281527,0.05007996435013632,0.7832782438583529,0.10975475217260759,19.266055898910675,1.4541462067235693,13.249050067888474,5.292982344947431,1.4541462067235695,0.10975475217260759,1.0,0.39949900693453894
109,1.455023751906683,0.07464599360022733,0.054692185026359336,0.7837509350133121,0.10861169367300504,19.492322115761237,1.455023751906683,13.396566269257276,5.3255789974657715,1.455023751906683,0.10861169367300504,1.0,0.39753313576233507
110,1.449042163761236,0.07934403644117197,0.05487320211540928,0.7805289427291894,0.11497285424626619,18.262773470512798,1.449042163761236,12.603341660610244,5.144271453373467,1.449042163761236,0.11497285424626619,1.0,0.408167261659745
111,1.4386709371480566,0.07505843667743599,0.05415675281078651,0.7749424644709048,0.10798439143559489,19.167344816023178,1.4386709371480566,13.322952678824167,5.2512381329652165,1.4386709371480566,0.10798439143559489,1.0,0.3941497248813069
112,1.433445432156979,0.08002359358228964,0.055240499862766274,0.7721277376203588,0.11470945468531962,17.912785067355696,1.433445432156979,12.496314589667644,5.067247766984634,1.433445432156979,0.11470945468531962,1.0,0.40549937588594304
113,1.4333958900838095,0.07592379199991395,0.054542809780562286,0.7721010517012333,0.10882885141225467,18.879403311223367,1.4333958900838095,13.171101885969202,5.20208219019483,1.4333958900838095,0.10882885141225467,1.0,0.3949618061748091
114,1.42806487344776,0.08045008161921993,0.055080368328742545,0.7692294908297354,0.11488793562641327,17.750943749280026,1.42806487344776,12.430068184804613,5.034828620608042,1.42806487344776,0.11488793562641327,1.0,0.40505237346670153
115,1.4229203181741186,0.07562889610038578,0.053398671864258646,0.7664583676775116,0.10761389290231829,18.814505983075698,1.4229203181741186,13.222459292181828,5.174122422182039,1.4229203181741186,0.10761389290231829,1.0,0.3913131670778819
116,1.417429032731308,0.08099527914390654,0.05484578494342528,0.7635004777498812,0.11480506017274973,17.50014380730663,1.417429032731308,12.346398587296335,4.980483100006407,1.4174290327313082,0.11480506017274973,1.0,0.403395618956528
117,1.412409228794446,0.0748392292244765,0.055453259476974714,0.7607965521102183,0.10570361803251363,18.87257850502436,1.412409228794446,13.361976203690585,5.1629259196355015,1.412409228794446,0.10570361803251363,1.0,0.38638939636859243
118,1.412578792940193,0.07900611376190819,0.05808949268604193,0.7608878881159705,0.11160236081269184,17.879360541604694,1.412578792940193,12.65724831135964,5.025535347841309,1.412578792940193,0.11160236081269184,1.0,0.39704801740604134
119,1.4075983731469897,0.07445419405660497,0.05703849864055661,0.7582051768100095,0.10480160242804742,18.905561882475563,1.4075983731469897,13.431076820732681,5.158627545113364,1.4075983731469897,0.10480160242804742,1.0,0.38408145630961815
120,1.4333920485221476,0.08181491967012575,0.05639999430512618,0.7720989824377313,0.1172728553056365,17.519934680636773,1.4333920485221476,12.2227095501891,5.011280780584157,1.4333920485221476,0.1172728553056365,1.0,0.4099975345079378
121,1.4382550176792908,0.07706935596260868,0.056951772502699796,0.7747184287655712,0.1108453879225333,18.66182738541478,1.4382550176792908,12.975325763526097,5.18077859748297,1.4382550176792905,0.1108453879225333,1.0,0.39927926989287954
122,1.4173547174485526,0.08086696623694065,0.057159147914507935,0.7634604477007023,0.11461717608168065,17.526992583049246,1.4173547174485526,12.365988815136141,4.984171507910883,1.4173547174485526,0.11461717608168065,1.0,0.4030548290493509
123,1.406981663677643,0.07609569637070202,0.05595864562729926,0.7578729852409039,0.1070652494783591,18.489635167059884,1.406981663677643,13.141347641113315,5.100448769289088,1.406981663677643,0.1070652494783591,1.0,0.38812220090214317
124,1.4012037783587625,0.08250100764416027,0.056998793862942924,0.7547607178190572,0.11560072362940252,16.984080781199342,1.4012037783587625,12.121064076128091,4.878335593475192,1.4012037783587625,0.11560072362940252,1.0,0.40246760208807597
125,1.3967008232726328,0.07648289029638874,0.05699010907560385,0.7523351936621817,0.10682371584323662,18.26161142524945,1.3967008232726328,13.074819690061014,5.05034728626961,1.3967008232726328,0.10682371584323662,1.0,0.3862651574544232
126,1.391284788852726,0.08175057083151278,0.05791594677751306,0.7494178378216989,0.11373832567791109,17.018655340280766,1.391284788852726,12.232330488076851,4.865983590360724,1.391284788852726,0.11373832567791109,1.0,0.3977969361687632
127,1.3862287677978349,0.07741124519885696,0.057000769180639774,0.7466944037718938,0.10730969504570755,17.907330701590414,1.3862287677978349,12.918019822974838,4.982334490278029,1.3862287677978349,0.10730969504570755,1.0,0.3856887168896345
128,1.3804366761974138,0.08269416457353587,0.0585831887959693,0.74357448411315,0.11415405768481379,16.69327797573744,1.3804366761974138,12.092751709351257,4.800418019679795,1.3804366761974138,0.11415405768481379,1.0,0.3969665577411681
129,1.3752364150256224,0.07692027721215688,0.05728256542976495,0.740773354887346,0.10578356627602371,17.878724113701878,1.3752364150256224,13.000473168367037,4.958575647840771,1.3752364150256224,0.10578356627602371,1.0,0.3814150134093625
130,1.3705128024895008,0.082272625759776,0.05684411239635824,0.7382289732324248,0.1127556868982005,16.658187213948867,1.3705128024895008,12.154711129797333,4.778102012617963,1.3705128024895006,0.1127556868982005,1.0,0.3931069987261502
131,1.3705085566270399,0.07735170203997428,0.0589529203196688,0.7382266861916329,0.10601116951545,17.71788493960715,1.3705085566270399,12.927963750341446,4.92772898149492,1.3705085566270399,0.10601116951545,1.0,0.381168223910341
132,1.3647355108681518,0.08291573296417665,0.05667203462955093,0.7351170256067291,0.11315804518587287,16.459307082984836,1.3647355108681518,12.060437316908786,4.7394726352657734,1.3647355108681518,0.11315804518587287,1.0,0.39297684741671945
133,1.375392016895762,0.07615092115486195,0.058223361510524915,0.7408571700903981,0.10473736903565574,18.061396973763966,1.375392016895762,13.131817512310601,4.984124919351464,1.375392016895762,0.10473736903565574,1.0,0.379545703759516
134,1.3861115151535393,0.07518971733166918,0.057798377106990255,0.746631245442362,0.1042213330145663,18.43485471609457,1.3861115151535393,13.299690908384486,5.054974223689099,1.3861115151535393,0.1042213330145663,1.0,0.3800820829980572
135,1.3698500035838939,0.08099673983388944,0.05869361561103209,0.7378719555127383,0.11095338435173717,16.91240914625976,1.3698500035838939,12.346175933140398,4.813259158783808,1.3698500035838939,0.11095338435173717,1.0,0.38985829983709763
136,1.3647827949260758,0.07604639902387582,0.0581005359089264,0.735142495242232,0.10378681700386884,17.946711645052165,1.3647827949260758,13.149866566147809,4.94907701280417,1.3647827949260758,0.10378681700386884,1.0,0.3763594853155973
137,1.3543220466259964,0.08079234772463807,0.05687355099054793,0.7295077959801872,0.109418857722151,16.762999031070223,1.3543220466259964,12.37740984342066,4.764713963644472,1.3543220466259964,0.109418857722151,1.0,0.3849524273592027
138,1.3546417018378962,0.07620792252066097,0.057819391216989646,0.7296799787853683,0.10323442985691872,17.775602024456646,1.3546417018378962,13.121995285055656,4.907094025755274,1.3546417018378965,0.10323442985691872,1.0,0.3739594413163563
139,1.3547039213192407,0.0816166339541188,0.058401226760293384,0.7297134934112401,0.11056637406252183,16.598380203731438,1.3547039213192407,12.25240433907327,4.741929011440664,1.3547039213192407,0.11056637406252183,1.0,0.38702028436316915
140,1.349314997503458,0.07603115808018222,0.05729597585562558,0.7268107407422197,0.10258998187514609,17.7468689360285,1.349314997503458,13.15250254304167,4.893476924857365,1.349314997503458,0.10258998187514609,0.9999999999999999,0.37205671763555426
141,1.3441891937970554,0.08203042743610463,0.05713926164978321,0.7240497181525036,0.11026441412216532,16.386470676921377,1.3441891937970554,12.190598431038566,4.693241609846018,1.3441891937970554,0.11026441412216532,1.0,0.38498861531658063
142,1.3389913790695755,0.07793753101024108,0.057011915661303356,0.7212499067079483,0.1043576821286805,17.1803155901055,1.3389913790695755,12.830788800181505,4.796279231325663,1.3389913790695758,0.1043576821286805,1.0,0.3738101613252191
143,1.3389145230206971,0.08430934905296765,0.056846750542401,0.721208508070922,0.11288301187343965,15.880973320995745,1.3389145230206971,11.86108078443052,4.611210884267324,1.3389145230206971,0.11288301187343965,1.0,0.38876818799853746
144,1.3340066759761655,0.07732083011265528,0.05739160457574554,0.7185648881952921,0.10314650356230108,17.252875764946367,1.3340066759761655,12.933125505029047,4.797442177892908,1.3340066759761655,0.10314650356230108,0.9999999999999999,0.37094221161214447
145,1.3286444309174914,0.08128077873787101,0.05971458306876328,0.7156765060826296,0.10799325401070917,16.34635459389907,1.3286444309174914,12.303031731831473,4.6603103970644,1.3286444309174916,0.10799325401070917,0.9999999999999999,0.3787936582335913
146,1.3231708992276219,0.07756322518442982,0.05669401159445664,0.7127281792431958,0.10262940241427652,17.059255801720294,1.3231708992276219,12.892707821550744,4.751032607688171,1.323170899227622,0.10262940241427652,0.9999999999999999,0.3685054120086864
147,1.3181691588445197,0.0827621596207595,0.057876489486257204,0.7100339835664494,0.10909452633145242,15.92719625593094,1.3181691588445197,12.082816646910779,4.5820016249923,1.3181691588445197,0.10909452633145242,0.9999999999999999,0.37921634987019215
148,1.3184664436640334,0.07889973426640497,0.05711363659055292,0.7101941165230103,0.10402665204426423,16.710657595020933,1.3184664436640334,12.67431391623576,4.693872739071078,1.3184664436640336,0.10402665204426423,1.0,0.3703453117930305
149,1.318293040102702,0.08389339159553517,0.057106052592570886,0.7101007124097442,0.11059607425100454,15.713908032928565,1.318293040102702,11.91989000541516,4.55143225728162,1.318293040102702,0.11059607425100454,0.9999999999999999,0.38183508868067756
150,1.323872422244268,0.07787942798165798,0.058410674041032944,0.7131060557689289,0.10310242696507557,16.999000333644773,1.323872422244268,12.840361388318339,4.743891624756348,1.323872422244268,0.10310242696507557,0.9999999999999999,0.36945156614300245
151,1.3601216766554785,0.0823356083860003,0.05832440115222774,0.7326317762261326,0.11198644572641561,16.51924001434527,1.3601216766554785,12.145413383136331,4.740060803975574,1.3601216766554785,0.11198644572641561,1.0,0.3902757900819626
152,1.3395306867947354,0.07814181670188959,0.057206589538471034,0.721540405700353,0.10467336139407049,17.14230284541546,1.3395306867947354,12.797245344512428,4.79193496447549,1.3395306867947354,0.10467336139407049,1.0,0.3744505036414196
153,1.3290286565120697,0.08259957408588693,0.05853988727737317,0.7158834698305493,0.10977720097583547,16.090018274551237,1.3290286565120697,12.106599956074849,4.624294040248899,1.3290286565120695,0.10977720097583547,0.9999999999999999,0.38196471817246436
154,1.3236741274998955,0.07851971117292988,0.0568695950036647,0.7129992439790138,0.10393451017837177,16.85785782610265,1.3236741274998955,12.735655608788786,4.723802520161454,1.3236741274998955,0.10393451017837177,1.0,0.3709116095210357
155,1.318633896753293,0.08361769407052744,0.057610002271573896,0.7102843154047166,0.11026112576974431,15.769795034542446,1.318633896753293,11.959191306525971,4.560108143169352,1.318633896753293,0.11026112576974431,1.0,0.38130572764405585
156,1.3134751321324272,0.07858483851402417,0.05758927754908643,0.7075055383642601,0.10321923115081336,16.71410359770639,1.3134751321324272,12.725100908892763,4.68546256323455,1.3134751321324272,0.10321923115081336,1.0,0.3682063188952929
157,1.3132020634442203,0.08453629957179691,0.05687744083786221,0.7073584494666222,0.11101324303362246,15.534179637575859,1.3132020634442203,11.829237913953133,4.516582419703841,1.3132020634442203,0.11101324303362246,1.0,0.3818151644727953
158,1.3077959946944353,0.07816622903600336,0.05841225795718409,0.704446461650727,0.10222548125365306,16.730959275162995,1.3077959946944353,12.793248597669974,4.677679074867564,1.3077959946944353,0.10222548125365306,1.0,0.3656365339230183
159,1.3030329186405918,0.07840869791471827,0.058982855797460765,0.7018808229071344,0.10216911449062384,16.6184741399206,1.3030329186405918,12.753687111188308,4.653430870002684,1.303032918640592,0.10216911449062384,1.0,0.3648694553530651
160,1.3033573559038205,0.08377346645248043,0.06019789084807145,0.7020555815721221,0.10918676373040231,15.558116562397899,1.3033573559038205,11.936953815409309,4.503086237860692,1.3033573559038205,0.10918676373040231,1.0,0.377239143880049
161,1.3034100438655642,0.07878612106344238,0.05843281496253658,0.7020839620292978,0.10269062151129908,16.543650407868103,1.3034100438655642,12.692590858671059,4.643614982297296,1.3034100438655642,0.10269062151129908,1.0,0.36585241216728964
162,1.2978870806495706,0.08361156763608181,0.05988352416265757,0.699109008817086,0.10851837342772834,15.522817205133698,1.2978870806495706,11.96006758720858,4.4885258054096004,1.2978870806495706,0.10851837342772834,1.0,0.3752926789653034
163,1.2980735056918902,0.08038388778322308,0.06081675929565647,0.6992094269724848,0.1043441950159119,16.148429013442307,1.2980735056918902,12.440303990978524,4.578411062901155,1.2980735056918902,0.1043441950159119,1.0,0.3680304811057136
164,1.293463613844243,0.08370562422038381,0.058875120497055886,0.6967263011532883,0.10827017920318585,15.452529335887343,1.293463613844243,11.946628548723995,4.470714085896237,1.293463613844243,0.10827017920318585,1.0,0.3742239132708071
165,1.288003392619118,0.07856327599613487,0.058641305762534054,0.6937851440175622,0.10118976601829383,16.3944715426898,1.288003392619118,12.728593446754914,4.595229588081759,1.288003392619118,0.10118976601829383,1.0,0.3610162903940724
166,1.2874525221379407,0.0843513765148262,0.05844518592952695,0.6934884167276275,0.10859839243982006,15.262969916224767,1.2874525221379407,11.855171086914424,4.432871429892716,1.2874525221379407,0.10859839243982006,1.0,0.37391880702469643
167,1.3090153642307354,0.08002743252583437,0.05925711282693887,0.705103277055252,0.10475713873625568,16.357083101574705,1.3090153642307354,12.495715137146016,4.627274910134497,1.3090153642307354,0.10475713873625568,1.0,0.3703089306492748
168,1.3250793286429356,0.08328051476741821,0.06055121054997781,0.7137561578838874,0.11035328859704861,15.911036721417405,1.3250793286429356,12.007610697325198,4.591664824094728,1.3250793286429356,0.11035328859704861,1.0,0.38239621019005576
